"simulation","parameter","mean","mode","lower","upper"
"Random walk","rho",626.424930233117,179.902997862624,84.4432399864816,4074.59530999959
"Random walk","lambda",143.454479998338,102.695524330609,55.5129206518607,380.324693292296
"Sinusoidal","rho",3877.3283170765,937.053892321584,312.834444569645,17490.9349494703
"Sinusoidal","lambda",96.8902984234284,76.4645025985146,44.4576752162291,188.628271884789
"Step change","rho",1831.09174884513,242.794828273609,104.659227046398,14174.5376513265
"Step change","lambda",133.121757658247,79.9292864955445,29.6173273000947,467.511165791447
